,mean,std,min,max,lower_bound,upper_bound
sharpe,2.5376067000170894,,2.5376067000170894,2.5376067000170894,,
sortino,6.287481593867039,,6.287481593867039,6.287481593867039,,
calmar,8.032657353534262,,8.032657353534262,8.032657353534262,,
r2,0.8513367744658207,,0.8513367744658207,0.8513367744658207,,
max_drawdown,-0.20585074181523333,,-0.20585074181523333,-0.20585074181523333,,
final_value,13.758064528188456,,13.758064528188456,13.758064528188456,,
