,mean,std,min,max,lower_bound,upper_bound
sharpe,2.1826730059887147,0.23105327899153633,1.8517155402252996,2.630200186124716,2.0084467292981714,2.356899282679258
sortino,4.673917013607034,0.6455935054840304,3.6599157240436995,5.69819328240324,4.187105689366105,5.160728337847963
calmar,5.233789404362939,0.7766291624381167,4.211107626163929,6.970879432171004,4.648170330132684,5.8194084785931945
r2,0.9354145912499876,0.02553517755712509,0.8948863661418609,0.9747386195393009,0.916159729644787,0.9546694528551882
max_drawdown,-0.1749284861399844,0.009046018360973178,-0.19349953345975837,-0.16377146018312222,-0.1817496578835128,-0.16810731439645601
final_value,4.575528869879628,1.011540776533477,3.221583604776588,6.745748610304731,3.812774132161561,5.338283607597695
