,mean,std,min,max,lower_bound,upper_bound
sharpe,2.1865152703108404,0.2519431422174504,1.93457212809339,2.438458412528291,-1.0147258766441127,5.387756417265793
sortino,4.692099517458706,0.6443159906032219,4.047783526855484,5.336415508061927,-3.494711374102888,12.8789104090203
calmar,5.92565669775802,0.7163312934814217,5.209325404276599,6.641987991239442,-3.176195376330149,15.02750877184619
r2,0.9375178978836528,0.018491721796253247,0.9190261760873996,0.956009619679906,0.7025582948113153,1.1724775009559905
max_drawdown,-0.17774540077039042,0.0003764981020955155,-0.17812189887248592,-0.1773689026682949,-0.18252926273849415,-0.17296153880228668
final_value,5.707128112866706,1.248530929893012,4.458597182973694,6.955659042759718,-10.156961502121852,21.571217727855263
