sharpe,sortino,calmar,r2,max_drawdown,run,random_state,final_value
1.93457212809339,4.047783526855484,5.209325404276599,0.9190261760873996,-0.17812189887248592,1,1,4.458597182973694
2.438458412528291,5.336415508061927,6.641987991239442,0.956009619679906,-0.1773689026682949,2,2,6.955659042759718
