sharpe,sortino,calmar,r2,max_drawdown,run,random_state,final_value
2.5376067000170894,6.287481593867039,8.032657353534262,0.8513367744658207,-0.20585074181523333,1,1,13.758064528188456
